{
    "name": "root",
    "metadata": {
        "timer_format_version": "0.1.0",
        "start_time_seconds": "1761696142",
        "python_version": "3.10.12 | packaged by Anaconda, Inc. | (main, Jul  5 2023, 19:01:18) [MSC v.1916 64 bit (AMD64)]",
        "command_line_arguments": "C:\\Users\\kamra\\miniconda3\\envs\\mlagents\\Scripts\\mlagents-learn config.yaml --run-id=10292025Run --force --time-scale=5",
        "mlagents_version": "1.1.0",
        "mlagents_envs_version": "1.1.0",
        "communication_protocol_version": "1.5.0",
        "pytorch_version": "2.8.0+cu128",
        "numpy_version": "1.23.5",
        "end_time_seconds": "1761696257"
    },
    "total": 115.4843292000005,
    "count": 1,
    "self": 0.007288099994184449,
    "children": {
        "run_training.setup": {
            "total": 0.074833699996816,
            "count": 1,
            "self": 0.074833699996816
        },
        "TrainerController.start_learning": {
            "total": 115.4022074000095,
            "count": 1,
            "self": 0.027554698783205822,
            "children": {
                "TrainerController._reset_env": {
                    "total": 5.221026699990034,
                    "count": 1,
                    "self": 5.221026699990034
                },
                "TrainerController.advance": {
                    "total": 110.0657433012384,
                    "count": 1564,
                    "self": 0.022115302504971623,
                    "children": {
                        "env_step": {
                            "total": 109.72776519949548,
                            "count": 1564,
                            "self": 105.25412849840359,
                            "children": {
                                "SubprocessEnvManager._take_step": {
                                    "total": 4.4561529007332865,
                                    "count": 1564,
                                    "self": 0.14720410062000155,
                                    "children": {
                                        "TorchPolicy.evaluate": {
                                            "total": 4.308948800113285,
                                            "count": 1564,
                                            "self": 4.308948800113285
                                        }
                                    }
                                },
                                "workers": {
                                    "total": 0.01748380035860464,
                                    "count": 1563,
                                    "self": 0.0,
                                    "children": {
                                        "worker_root": {
                                            "total": 34.79627339949366,
                                            "count": 1563,
                                            "is_parallel": true,
                                            "self": 7.386766799696488,
                                            "children": {
                                                "steps_from_proto": {
                                                    "total": 0.0003336000081617385,
                                                    "count": 1,
                                                    "is_parallel": true,
                                                    "self": 0.00015279999934136868,
                                                    "children": {
                                                        "_process_rank_one_or_two_observation": {
                                                            "total": 0.00018080000882036984,
                                                            "count": 2,
                                                            "is_parallel": true,
                                                            "self": 0.00018080000882036984
                                                        }
                                                    }
                                                },
                                                "UnityEnvironment.step": {
                                                    "total": 27.409172999789007,
                                                    "count": 1563,
                                                    "is_parallel": true,
                                                    "self": 0.11160400038352236,
                                                    "children": {
                                                        "UnityEnvironment._generate_step_input": {
                                                            "total": 0.10441409979830496,
                                                            "count": 1563,
                                                            "is_parallel": true,
                                                            "self": 0.10441409979830496
                                                        },
                                                        "communicator.exchange": {
                                                            "total": 26.846383500116644,
                                                            "count": 1563,
                                                            "is_parallel": true,
                                                            "self": 26.846383500116644
                                                        },
                                                        "steps_from_proto": {
                                                            "total": 0.34677139949053526,
                                                            "count": 1563,
                                                            "is_parallel": true,
                                                            "self": 0.17239990035886876,
                                                            "children": {
                                                                "_process_rank_one_or_two_observation": {
                                                                    "total": 0.1743714991316665,
                                                                    "count": 3126,
                                                                    "is_parallel": true,
                                                                    "self": 0.1743714991316665
                                                                }
                                                            }
                                                        }
                                                    }
                                                }
                                            }
                                        }
                                    }
                                }
                            }
                        },
                        "trainer_advance": {
                            "total": 0.3158627992379479,
                            "count": 1563,
                            "self": 0.03664329944876954,
                            "children": {
                                "process_trajectory": {
                                    "total": 0.27921949978917837,
                                    "count": 1563,
                                    "self": 0.27921949978917837
                                }
                            }
                        }
                    }
                },
                "TrainerController._save_models": {
                    "total": 0.0878826999978628,
                    "count": 1,
                    "self": 0.010620499990181997,
                    "children": {
                        "RLTrainer._checkpoint": {
                            "total": 0.0772622000076808,
                            "count": 1,