{
    "name": "root",
    "metadata": {
        "timer_format_version": "0.1.0",
        "start_time_seconds": "1761746358",
        "python_version": "3.10.12 | packaged by Anaconda, Inc. | (main, Jul  5 2023, 19:01:18) [MSC v.1916 64 bit (AMD64)]",
        "command_line_arguments": "C:\\Users\\kamra\\miniconda3\\envs\\mlagents\\Scripts\\mlagents-learn config.yaml --run-id=10292025Run1 --force --time-scale=4",
        "mlagents_version": "1.1.0",
        "mlagents_envs_version": "1.1.0",
        "communication_protocol_version": "1.5.0",
        "pytorch_version": "2.8.0+cu128",
        "numpy_version": "1.23.5",
        "end_time_seconds": "1761746450"
    },
    "total": 92.57119239999975,
    "count": 1,
    "self": 0.005405899999459507,
    "children": {
        "run_training.setup": {
            "total": 0.07047499999998763,
            "count": 1,
            "self": 0.07047499999998763
        },
        "TrainerController.start_learning": {
            "total": 92.4953115000003,
            "count": 1,
            "self": 0.00638430000117296,
            "children": {
                "TrainerController._reset_env": {
                    "total": 11.738603999999668,
                    "count": 1,
                    "self": 11.738603999999668
                },
                "TrainerController.advance": {
                    "total": 80.55474369999911,
                    "count": 392,
                    "self": 0.006056599998373713,
                    "children": {
                        "env_step": {
                            "total": 80.4313030999997,
                            "count": 392,
                            "self": 79.25437620000321,
                            "children": {
                                "SubprocessEnvManager._take_step": {
                                    "total": 1.1729575999966073,
                                    "count": 392,
                                    "self": 0.013986600001771876,
                                    "children": {
                                        "TorchPolicy.evaluate": {
                                            "total": 1.1589709999948354,
                                            "count": 392,
                                            "self": 1.1589709999948354
                                        }
                                    }
                                },
                                "workers": {
                                    "total": 0.0039692999998806044,
                                    "count": 391,
                                    "self": 0.0,
                                    "children": {
                                        "worker_root": {
                                            "total": 33.027613800001745,
                                            "count": 391,
                                            "is_parallel": true,
                                            "self": 3.4379883999972662,
                                            "children": {
                                                "steps_from_proto": {
                                                    "total": 0.014771699999982957,
                                                    "count": 1,
                                                    "is_parallel": true,
                                                    "self": 0.001092900000003283,
                                                    "children": {
                                                        "_process_rank_one_or_two_observation": {
                                                            "total": 0.013678799999979674,
                                                            "count": 2,
                                                            "is_parallel": true,
                                                            "self": 0.013678799999979674
                                                        }
                                                    }
                                                },
                                                "UnityEnvironment.step": {
                                                    "total": 29.574853700004496,
                                                    "count": 391,
                                                    "is_parallel": true,
                                                    "self": 0.023916000006465765,
                                                    "children": {
                                                        "UnityEnvironment._generate_step_input": {
                                                            "total": 0.01676420000148937,
                                                            "count": 391,
                                                            "is_parallel": true,
                                                            "self": 0.01676420000148937
                                                        },
                                                        "communicator.exchange": {
                                                            "total": 29.460605399996894,
                                                            "count": 391,
                                                            "is_parallel": true,
                                                            "self": 29.460605399996894
                                                        },
                                                        "steps_from_proto": {
                                                            "total": 0.07356809999964753,
                                                            "count": 391,
                                                            "is_parallel": true,
                                                            "self": 0.038182799999503914,
                                                            "children": {
                                                                "_process_rank_one_or_two_observation": {
                                                                    "total": 0.035385300000143616,
                                                                    "count": 782,
                                                                    "is_parallel": true,
                                                                    "self": 0.035385300000143616
                                                                }
                                                            }
                                                        }
                                                    }
                                                }
                                            }
                                        }
                                    }
                                }
                            }
                        },
                        "trainer_advance": {
                            "total": 0.11738400000103866,
                            "count": 391,
                            "self": 0.007585099997868383,
                            "children": {
                                "process_trajectory": {
                                    "total": 0.10979890000317027,
                                    "count": 391,
                                    "self": 0.10979890000317027
                                }
                            }
                        }
                    }
                },
                "trainer_threads": {
                    "total": 1.0000003385357559e-06,
                    "count": 1,
                    "self": 1.0000003385357559e-06
                },
                "TrainerController._save_models": {
                    "total": 0.19557850000001054,
                    "count": 1,
                    "self": 0.012288399999761168,