{"count":1,"self":87.933657599999989,"total":92.2614871,"children":{"InitializeActuators":{"count":1,"self":0,"total":0,"children":null},"InitializeSensors":{"count":1,"self":0.0010743999999999999,"total":0.0010743999999999999,"children":null},"AgentSendState":{"count":16664,"self":0.0737142,"total":0.14225669999999999,"children":{"CollectObservations":{"count":392,"self":0.037910599999999996,"total":0.037910599999999996,"children":null},"WriteActionMask":{"count":392,"self":0.0055062999999999996,"total":0.0055062999999999996,"children":null},"RequestDecision":{"count":392,"self":0.0075585999999999995,"total":0.025125599999999998,"children":{"AgentInfo.ToProto":{"count":392,"self":0.009516199999999999,"total":0.017567,"children":{"GenerateSensorData":{"count":392,"self":0.0080508,"total":0.0080508,"children":null}}}}}}},"DecideAction":{"count":16664,"self":4.0911472,"total":4.0911471,"children":null},"AgentAct":{"count":16664,"self":0.09335389999999999,"total":0.09335389999999999,"children":null}},"gauges":{},"metadata":{"timer_format_version":"0.1.0","start_time_seconds":"1761746366","unity_version":"6000.0.57f1","command_line_arguments":"C:\\Program Files\\Unity\\Hub\\Editor\\6000.0.57f1\\Editor\\Unity.exe -projectpath C:\\Users\\kamra\\Documents\\StickyRush -acceptSoftwareTermsForThisRunOnly -useHub -hubIPC -cloudEnvironment production","communication_protocol_version":"1.5.0","com.unity.ml-agents_version":"4.0.0","scene_name":"Level 6","end_time_seconds":"1761746458"}}