{"count":1,"self":2218.6022912,"total":5053.0013573999995,"children":{"InitializeActuators":{"count":30,"self":0.0015511,"total":0.0015511,"children":null},"InitializeSensors":{"count":30,"self":0,"total":0,"children":null},"AgentSendState":{"count":5453019,"self":25.6455904,"total":232.39960069999998,"children":{"CollectObservations":{"count":3383146,"self":164.206528,"total":164.206523,"children":null},"WriteActionMask":{"count":3383146,"self":3.8943136,"total":3.8943138,"children":null},"RequestDecision":{"count":3383146,"self":13.931032,"total":38.6531734,"children":{"AgentInfo.ToProto":{"count":3383146,"self":9.606649599999999,"total":24.7221416,"children":{"GenerateSensorData":{"count":3383146,"self":15.1154912,"total":15.115491899999999,"children":null}}}}}}},"DecideAction":{"count":5453019,"self":2472.7445503999998,"total":2472.7445049999997,"children":null},"AgentAct":{"count":5453019,"self":127.54730239999999,"total":128.5930564,"children":{"AgentInfo.ToProto":{"count":114771,"self":0.43916879999999997,"total":1.0457496,"children":{"GenerateSensorData":{"count":114771,"self":0.60658079999999992,"total":0.60658079999999992,"children":null}}}}},"AgentInfo.ToProto":{"count":36285,"self":0.2778964,"total":0.6603891,"children":{"GenerateSensorData":{"count":36285,"self":0.38249269999999996,"total":0.38249269999999996,"children":null}}}},"gauges":{"My Behavior.CumulativeReward":{"count":151056,"max":20190,"min":-236,"runningAverage":2443.22876,"value":-21,"weightedAverage":68.0385}},"metadata":{"timer_format_version":"0.1.0","start_time_seconds":"1761078049","unity_version":"6000.0.57f1","command_line_arguments":"C:\\Program Files\\Unity\\Hub\\Editor\\6000.0.57f1\\Editor\\Unity.exe -projectpath C:\\Users\\kamra\\Documents\\StickyRush -acceptSoftwareTermsForThisRunOnly -useHub -hubIPC -cloudEnvironment production","communication_protocol_version":"1.5.0","com.unity.ml-agents_version":"4.0.0","scene_name":"ML Level Test","end_time_seconds":"1761083102"}}