{"count":1,"self":1293.2581376,"total":2724.4328622,"children":{"InitializeActuators":{"count":30,"self":0.0010034,"total":0.0010034,"children":null},"InitializeSensors":{"count":30,"self":0,"total":0,"children":null},"AgentSendState":{"count":2692568,"self":10.1177744,"total":89.1578502,"children":{"CollectObservations":{"count":1073828,"self":62.736422399999995,"total":62.7364215,"children":null},"WriteActionMask":{"count":1073828,"self":1.5551123999999998,"total":1.5551123999999998,"children":null},"RequestDecision":{"count":1073828,"self":5.2562156,"total":14.7485418,"children":{"AgentInfo.ToProto":{"count":1073828,"self":3.4973456,"total":9.492326199999999,"children":{"GenerateSensorData":{"count":1073828,"self":5.9949807999999996,"total":5.9949807999999996,"children":null}}}}}}},"DecideAction":{"count":2692568,"self":1147.575808,"total":1147.5757802,"children":null},"AgentAct":{"count":2692568,"self":193.3076864,"total":194.07335139999998,"children":{"AgentInfo.ToProto":{"count":57766,"self":0.3078167,"total":0.7656604,"children":{"GenerateSensorData":{"count":57766,"self":0.45784369999999996,"total":0.45784369999999996,"children":null}}}}},"AgentInfo.ToProto":{"count":16816,"self":0.1594156,"total":0.36676539999999996,"children":{"GenerateSensorData":{"count":16816,"self":0.2073498,"total":0.2073498,"children":null}}}},"gauges":{"My Behavior.CumulativeReward":{"count":74582,"max":20191,"min":-221,"runningAverage":2314.83862,"value":180,"weightedAverage":5179.762}},"metadata":{"timer_format_version":"0.1.0","start_time_seconds":"1761050587","unity_version":"6000.0.57f1","command_line_arguments":"C:\\Program Files\\Unity\\Hub\\Editor\\6000.0.57f1\\Editor\\Unity.exe -projectpath C:\\Users\\kamra\\Documents\\StickyRush -acceptSoftwareTermsForThisRunOnly -useHub -hubIPC -cloudEnvironment production","communication_protocol_version":"1.5.0","com.unity.ml-agents_version":"4.0.0","scene_name":"ML Level Test","end_time_seconds":"1761053311"}}