{
    "name": "root",
    "gauges": {
        "MyBehavior.Policy.Entropy.mean": {
            "value": 0.8992455005645752,
            "min": 0.8992455005645752,
            "max": 0.8992455005645752,
            "count": 1
        },
        "MyBehavior.Policy.Entropy.sum": {
            "value": 45346.25390625,
            "min": 45346.25390625,
            "max": 45346.25390625,
            "count": 1
        },
        "MyBehavior.Environment.EpisodeLength.mean": {
            "value": 20.975567190226876,
            "min": 20.975567190226876,
            "max": 20.975567190226876,
            "count": 1
        },
        "MyBehavior.Environment.EpisodeLength.sum": {
            "value": 48076.0,
            "min": 48076.0,
            "max": 48076.0,
            "count": 1
        },
        "MyBehavior.Step.mean": {
            "value": 49994.0,
            "min": 49994.0,
            "max": 49994.0,
            "count": 1
        },
        "MyBehavior.Step.sum": {
            "value": 49994.0,
            "min": 49994.0,
            "max": 49994.0,
            "count": 1
        },
        "MyBehavior.Policy.ExtrinsicValueEstimate.mean": {
            "value": -78.1587142944336,
            "min": -78.1587142944336,
            "max": -78.1587142944336,
            "count": 1
        },
        "MyBehavior.Policy.ExtrinsicValueEstimate.sum": {
            "value": -177654.75,
            "min": -177654.75,
            "max": -177654.75,
            "count": 1
        },
        "MyBehavior.Environment.CumulativeReward.mean": {
            "value": -129.04399931908074,
            "min": -129.04399931908074,
            "max": -129.04399931908074,
            "count": 1
        },
        "MyBehavior.Environment.CumulativeReward.sum": {
            "value": -293317.0104522705,
            "min": -293317.0104522705,
            "max": -293317.0104522705,
            "count": 1
        },
        "MyBehavior.Policy.ExtrinsicReward.mean": {
            "value": -129.04399931908074,
            "min": -129.04399931908074,
            "max": -129.04399931908074,
            "count": 1
        },
        "MyBehavior.Policy.ExtrinsicReward.sum": {
            "value": -293317.0104522705,
            "min": -293317.0104522705,
            "max": -293317.0104522705,
            "count": 1
        },
        "MyBehavior.Losses.PolicyLoss.mean": {
            "value": 0.025664769854241362,
            "min": 0.025664769854241362,
            "max": 0.025664769854241362,
            "count": 1
        },
        "MyBehavior.Losses.PolicyLoss.sum": {
            "value": 0.10265907941696545,
            "min": 0.10265907941696545,
            "max": 0.10265907941696545,
            "count": 1
        },
        "MyBehavior.Losses.ValueLoss.mean": {
            "value": 24864.201997884116,
            "min": 24864.201997884116,
            "max": 24864.201997884116,
            "count": 1
        },
        "MyBehavior.Losses.ValueLoss.sum": {
            "value": 99456.80799153647,
            "min": 99456.80799153647,
            "max": 99456.80799153647,
            "count": 1
        },
        "MyBehavior.Policy.LearningRate.mean": {
            "value": 0.00029843386552204495,
            "min": 0.00029843386552204495,
            "max": 0.00029843386552204495,
            "count": 1
        },
        "MyBehavior.Policy.LearningRate.sum": {
            "value": 0.0011937354620881798,
            "min": 0.0011937354620881798,
            "max": 0.0011937354620881798,
            "count": 1
        },
        "MyBehavior.Policy.Epsilon.mean": {
            "value": 0.19947795500000004,
            "min": 0.19947795500000004,
            "max": 0.19947795500000004,
            "count": 1
        },
        "MyBehavior.Policy.Epsilon.sum": {
            "value": 0.7979118200000002,
            "min": 0.7979118200000002,
            "max": 0.7979118200000002,
            "count": 1
        },
        "MyBehavior.Policy.Beta.mean": {
            "value": 0.004973949954500001,
            "min": 0.004973949954500001,
            "max": 0.004973949954500001,
            "count": 1
        },
        "MyBehavior.Policy.Beta.sum": {
            "value": 0.019895799818000003,
            "min": 0.019895799818000003,
            "max": 0.019895799818000003,
            "count": 1
        },
        "MyBehavior.IsTraining.mean": {
            "value": 1.0,
            "min": 1.0,
            "max": 1.0,
            "count": 1
        },
        "MyBehavior.IsTraining.sum": {
            "value": 1.0,
            "min": 1.0,
            "max": 1.0,
            "count": 1
        }
    },
    "metadata": {
        "timer_format_version": "0.1.0",
        "start_time_seconds": "1760752518",
        "python_version": "3.10.12 | packaged by Anaconda, Inc. | (main, Jul  5 2023, 19:01:18) [MSC v.1916 64 bit (AMD64)]",
        "command_line_arguments": "C:\\Users\\kamra\\miniconda3\\envs\\mlagents\\Scripts\\mlagents-learn config.yaml --run-id=MyRun --resume",
        "mlagents_version": "1.1.0",
        "mlagents_envs_version": "1.1.0",
        "communication_protocol_version": "1.5.0",
        "pytorch_version": "2.8.0+cu128",
        "numpy_version": "1.23.5",
        "end_time_seconds": "1760752691"
    },
    "total": 172.4767259999935,
    "count": 1,
    "self": 0.006255000000237487,
    "children": {
        "run_training.setup": {
            "total": 0.07074379999539815,
            "count": 1,
            "self": 0.07074379999539815
        },
        "TrainerController.start_learning": {
            "total": 172.39972719999787,
            "count": 1,
            "self": 0.12935980012116488,
            "children": {
                "TrainerController._reset_env": {
                    "total": 14.979406300000846,
                    "count": 1,
                    "self": 14.979406300000846
                },
                "TrainerController.advance": {
                    "total": 157.10529099988344,
                    "count": 8745,
                    "self": 0.10555469880637247,
                    "children": {
                        "env_step": {
                            "total": 144.29531100085296,
                            "count": 8745,
                            "self": 125.27787459899264,
                            "children": {
                                "SubprocessEnvManager._take_step": {
                                    "total": 18.932119901597616,
                                    "count": 8746,
                                    "self": 0.3035021016257815,
                                    "children": {
                                        "TorchPolicy.evaluate": {
                                            "total": 18.628617799971835,
                                            "count": 7883,
                                            "self": 18.628617799971835
                                        }
                                    }
                                },
                                "workers": {
                                    "total": 0.08531650026270654,
                                    "count": 8745,
                                    "self": 0.0,
                                    "children": {
                                        "worker_root": {
                                            "total": 146.67879539971182,
                                            "count": 8745,
                                            "is_parallel": true,
                                            "self": 39.48727349987894,
                                            "children": {
                                                "steps_from_proto": {
                                                    "total": 0.0007755999977234751,
                                                    "count": 2,
                                                    "is_parallel": true,