{
    "name": "root",
    "metadata": {
        "timer_format_version": "0.1.0",
        "start_time_seconds": "1758421685",
        "python_version": "3.10.12 | packaged by Anaconda, Inc. | (main, Jul  5 2023, 19:01:18) [MSC v.1916 64 bit (AMD64)]",
        "command_line_arguments": "C:\\Users\\kamra\\miniconda3\\envs\\mlagents\\Scripts\\mlagents-learn --force",
        "mlagents_version": "1.1.0",
        "mlagents_envs_version": "1.1.0",
        "communication_protocol_version": "1.5.0",
        "pytorch_version": "2.8.0+cu128",
        "numpy_version": "1.23.5",
        "end_time_seconds": "1758421823"
    },
    "total": 138.3217693999759,
    "count": 1,
    "self": 0.0032016999903135,
    "children": {
        "run_training.setup": {
            "total": 0.019161999982316047,
            "count": 1,
            "self": 0.019161999982316047
        },
        "TrainerController.start_learning": {
            "total": 138.29940570000326,
            "count": 1,
            "self": 0.04778589945635758,
            "children": {
                "TrainerController._reset_env": {
                    "total": 19.289820300007705,
                    "count": 1,
                    "self": 19.289820300007705
                },
                "TrainerController.advance": {
                    "total": 118.82525070052361,
                    "count": 2827,
                    "self": 0.04242330035776831,
                    "children": {
                        "env_step": {
                            "total": 118.51790729994536,
                            "count": 2827,
                            "self": 112.35050219963887,
                            "children": {
                                "SubprocessEnvManager._take_step": {
                                    "total": 6.1393032002670225,
                                    "count": 2827,
                                    "self": 0.11233249993529171,
                                    "children": {
                                        "TorchPolicy.evaluate": {
                                            "total": 6.026970700331731,
                                            "count": 2816,
                                            "self": 6.026970700331731
                                        }
                                    }
                                },
                                "workers": {
                                    "total": 0.02810190003947355,
                                    "count": 2826,
                                    "self": 0.0,
                                    "children": {
                                        "worker_root": {
                                            "total": 57.55130979968817,
                                            "count": 2826,
                                            "is_parallel": true,
                                            "self": 9.687614799593575,
                                            "children": {
                                                "steps_from_proto": {
                                                    "total": 0.0003127999952994287,
                                                    "count": 1,
                                                    "is_parallel": true,
                                                    "self": 0.00016690001939423382,
                                                    "children": {
                                                        "_process_rank_one_or_two_observation": {
                                                            "total": 0.00014589997590519488,
                                                            "count": 2,
                                                            "is_parallel": true,
                                                            "self": 0.00014589997590519488
                                                        }
                                                    }
                                                },
                                                "UnityEnvironment.step": {
                                                    "total": 47.863382200099295,
                                                    "count": 2826,
                                                    "is_parallel": true,
                                                    "self": 0.15382529931957833,
                                                    "children": {
                                                        "UnityEnvironment._generate_step_input": {
                                                            "total": 0.1064022010541521,
                                                            "count": 2826,
                                                            "is_parallel": true,
                                                            "self": 0.1064022010541521
                                                        },
                                                        "communicator.exchange": {
                                                            "total": 47.13422989984974,
                                                            "count": 2826,
                                                            "is_parallel": true,
                                                            "self": 47.13422989984974
                                                        },
                                                        "steps_from_proto": {
                                                            "total": 0.4689247998758219,
                                                            "count": 2826,
                                                            "is_parallel": true,
                                                            "self": 0.24690989943337627,
                                                            "children": {
                                                                "_process_rank_one_or_two_observation": {
                                                                    "total": 0.22201490044244565,
                                                                    "count": 5652,
                                                                    "is_parallel": true,
                                                                    "self": 0.22201490044244565
                                                                }
                                                            }
                                                        }
                                                    }
                                                }
                                            }
                                        }
                                    }
                                }
                            }
                        },
                        "trainer_advance": {
                            "total": 0.26492010022047907,
                            "count": 2826,
                            "self": 0.053842999768676236,
                            "children": {
                                "process_trajectory": {
                                    "total": 0.21107710045180283,
                                    "count": 2826,
                                    "self": 0.21107710045180283
                                }
                            }
                        }
                    }
                },
                "TrainerController._save_models": {
                    "total": 0.13654880001558922,
                    "count": 1,
                    "self": 0.07424720001290552,
                    "children": {
                        "RLTrainer._checkpoint": {
                            "total": 0.0623016000026837,
                            "count": 1,