{
    "name": "root",
    "gauges": {
        "MyBehavior.Policy.Entropy.mean": {
            "value": 0.5489916801452637,
            "min": 0.5489916801452637,
            "max": 0.5583451986312866,
            "count": 3
        },
        "MyBehavior.Policy.Entropy.sum": {
            "value": 27426.52734375,
            "min": 14809.21484375,
            "max": 27843.55859375,
            "count": 3
        },
        "MyBehavior.Environment.EpisodeLength.mean": {
            "value": 16.38362369337979,
            "min": 16.01398839986353,
            "max": 16.38362369337979,
            "count": 3
        },
        "MyBehavior.Environment.EpisodeLength.sum": {
            "value": 47021.0,
            "min": 25227.0,
            "max": 47021.0,
            "count": 3
        },
        "MyBehavior.Step.mean": {
            "value": 1699999.0,
            "min": 1599991.0,
            "max": 1699999.0,
            "count": 3
        },
        "MyBehavior.Step.sum": {
            "value": 1699999.0,
            "min": 1599991.0,
            "max": 1699999.0,
            "count": 3
        },
        "MyBehavior.Policy.ExtrinsicValueEstimate.mean": {
            "value": 3588.022705078125,
            "min": 3588.022705078125,
            "max": 3640.461669921875,
            "count": 3
        },
        "MyBehavior.Policy.ExtrinsicValueEstimate.sum": {
            "value": 10315565.0,
            "min": 5573547.0,
            "max": 10645139.0,
            "count": 3
        },
        "MyBehavior.Environment.CumulativeReward.mean": {
            "value": 2434.639304347826,
            "min": 2255.548007838014,
            "max": 2434.639304347826,
            "count": 3
        },
        "MyBehavior.Environment.CumulativeReward.sum": {
            "value": 6999588.0,
            "min": 3453244.0,
            "max": 7097504.0,
            "count": 3
        },
        "MyBehavior.Policy.ExtrinsicReward.mean": {
            "value": 2434.639304347826,
            "min": 2255.548007838014,
            "max": 2434.639304347826,
            "count": 3
        },
        "MyBehavior.Policy.ExtrinsicReward.sum": {
            "value": 6999588.0,
            "min": 3453244.0,
            "max": 7097504.0,
            "count": 3
        },
        "MyBehavior.Losses.PolicyLoss.mean": {
            "value": 0.02339138317232331,
            "min": 0.02339138317232331,
            "max": 0.026949416450224816,
            "count": 3
        },
        "MyBehavior.Losses.PolicyLoss.sum": {
            "value": 0.11695691586161655,
            "min": 0.05389883290044963,
            "max": 0.12677580998279153,
            "count": 3
        },
        "MyBehavior.Losses.ValueLoss.mean": {
            "value": 329275.98218750005,
            "min": 329275.98218750005,
            "max": 351397.61447916663,
            "count": 3
        },
        "MyBehavior.Losses.ValueLoss.sum": {
            "value": 1646379.9109375002,
            "min": 681398.9802083333,
            "max": 1756988.0723958332,
            "count": 3
        },
        "MyBehavior.Policy.LearningRate.mean": {
            "value": 0.00028993548335483994,
            "min": 0.00028993548335483994,
            "max": 0.00029046359117880396,
            "count": 3
        },
        "MyBehavior.Policy.LearningRate.sum": {
            "value": 0.0014496774167741997,
            "min": 0.0005809271823576079,
            "max": 0.0014512286262571299,
            "count": 3
        },
        "MyBehavior.Policy.Epsilon.mean": {
            "value": 0.19664516,
            "min": 0.19664516,
            "max": 0.19682119600000003,
            "count": 3
        },
        "MyBehavior.Policy.Epsilon.sum": {
            "value": 0.9832258,
            "min": 0.39364239200000006,
            "max": 0.9837428699999999,
            "count": 3
        },
        "MyBehavior.Policy.Beta.mean": {
            "value": 0.004832593484,
            "min": 0.004832593484,
            "max": 0.004841377680400001,
            "count": 3
        },
        "MyBehavior.Policy.Beta.sum": {
            "value": 0.02416296742,
            "min": 0.009682755360800002,
            "max": 0.024188769213,
            "count": 3
        },
        "MyBehavior.IsTraining.mean": {
            "value": 1.0,
            "min": 1.0,
            "max": 1.0,
            "count": 3
        },
        "MyBehavior.IsTraining.sum": {
            "value": 1.0,
            "min": 1.0,
            "max": 1.0,
            "count": 3
        }
    },
    "metadata": {
        "timer_format_version": "0.1.0",
        "start_time_seconds": "1761058916",
        "python_version": "3.10.12 | packaged by Anaconda, Inc. | (main, Jul  5 2023, 19:01:18) [MSC v.1916 64 bit (AMD64)]",
        "command_line_arguments": "C:\\Users\\kamra\\miniconda3\\envs\\mlagents\\Scripts\\mlagents-learn config.yaml --run-id=run1 --resume",
        "mlagents_version": "1.1.0",
        "mlagents_envs_version": "1.1.0",
        "communication_protocol_version": "1.5.0",
        "pytorch_version": "2.8.0+cu128",
        "numpy_version": "1.23.5",
        "end_time_seconds": "1761060350"
    },
    "total": 1437.047596600023,
    "count": 1,
    "self": 0.01275380002334714,
    "children": {
        "run_training.setup": {
            "total": 0.07426709998981096,
            "count": 1,
            "self": 0.07426709998981096
        },
        "TrainerController.start_learning": {
            "total": 1436.96057570001,
            "count": 1,
            "self": 0.3013271979871206,
            "children": {
                "TrainerController._reset_env": {
                    "total": 20.826370900002075,
                    "count": 1,
                    "self": 20.826370900002075
                },
                "TrainerController.advance": {
                    "total": 1415.4589640020276,
                    "count": 18855,
                    "self": 0.2621627029730007,
                    "children": {
                        "env_step": {
                            "total": 1385.5554333993641,
                            "count": 18855,
                            "self": 1347.676113694848,
                            "children": {
                                "SubprocessEnvManager._take_step": {
                                    "total": 37.67700890250853,
                                    "count": 18855,
                                    "self": 0.7082342995563522,
                                    "children": {
                                        "TorchPolicy.evaluate": {
                                            "total": 36.96877460295218,
                                            "count": 16587,
                                            "self": 36.96877460295218
                                        }
                                    }
                                },
                                "workers": {
                                    "total": 0.2023108020075597,
                                    "count": 18854,
                                    "self": 0.0,
                                    "children": {
                                        "worker_root": {
                                            "total": 257.91516139922896,
                                            "count": 18854,
                                            "is_parallel": true,
                                            "self": 84.17645350130624,
                                            "children": {
                                                "steps_from_proto": {
                                                    "total": 0.00038460001815110445,
                                                    "count": 1,
                                                    "is_parallel": true,
                                                    "self": 0.00015850001364015043,